-- Populando Pessoas
INSERT INTO PESSOAS
    (CPF_PESSOA, NOME, ENDERECO, TELEFONE, SEXO, E_MAIL)
VALUES
    (12345678901, 'João Silva', 'Rua A, 123', 62994670109, 'M', 'joao.silva@example.com'),
    (98765432109, 'Maria Santos', 'Av. B, 456', 11912345678, 'F', 'maria.santos@example.com'),
    (12312312312, 'Carlos Pereira', 'Rua C, 789', 31987654321, 'M', 'carlos.pereira@example.com'),
    (32132132132, 'Ana Souza', 'Av. D, 101', 41912345678, 'F', 'ana.souza@example.com'),
    (45645645645, 'Pedro Lima', 'Rua E, 202', 51987654321, 'M', 'pedro.lima@example.com'),
    (65465465465, 'Paula Melo', 'Av. F, 303', 61912345678, 'F', 'paula.melo@example.com'),
    (78978978978, 'Roberto Costa', 'Rua G, 404', 71987654321, 'M', 'roberto.costa@example.com'),
    (98798798798, 'Juliana Almeida', 'Av. H, 505', 81912345678, 'F', 'juliana.almeida@example.com'),
    (11223344556, 'Ricardo Fonseca', 'Rua I, 606', 91987654321, 'M', 'ricardo.fonseca@example.com'),
    (22334455667, 'Fernanda Dias', 'Av. J, 707', 10123456789, 'F', 'fernanda.dias@example.com'),
    (33445566778, 'Marcelo Nunes', 'Rua K, 808', 11198765432, 'M', 'marcelo.nunes@example.com'),
    (44556677889, 'Luciana Gomes', 'Av. L, 909', 12123456789, 'F', 'luciana.gomes@example.com'),
    (55667788990, 'Gabriel Ramos', 'Rua M, 1010', 13198765432, 'M', 'gabriel.ramos@example.com'),
    (66778899001, 'Camila Teixeira', 'Av. N, 1111', 14123456789, 'F', 'camila.teixeira@example.com'),
    (77889900112, 'Rodrigo Carvalho', 'Rua O, 1212', 15198765432, 'M', 'rodrigo.carvalho@example.com'),
    (88990011223, 'Tatiana Vieira', 'Av. P, 1313', 16123456789, 'F', 'tatiana.vieira@example.com');

-- Populando Proprietarios
INSERT INTO PROPRIETARIOS
    (CPF_PROP, CNH_PROP, BANCO_PROP, AGENCIA_PROP, CONTA_PROP)
VALUES
     (12345678901, 'CNH1234567890', 123, 456, 789),
     (98765432109, 'CNH0987654321', 234, 567, 890),
     (12312312312, 'CNH1231231230', 345, 678, 901),
     (32132132132, 'CNH3213213210', 456, 789, 012),
     (45645645645, 'CNH4564564560', 567, 890, 123),
     (65465465465, 'CNH6546546540', 678, 901, 234),
     (78978978978, 'CNH7897897890', 789, 012, 345),
     (98798798798, 'CNH9879879870', 890, 123, 456),
     (11223344556, 'CNH1122334455', 901, 234, 567),
     (22334455667, 'CNH2233445566', 012, 345, 678),
     (33445566778, 'CNH3344556677', 123, 456, 789),
     (44556677889, 'CNH4455667788', 234, 567, 890),
     (55667788990, 'CNH5566778899', 345, 678, 901),
     (66778899001, 'CNH6677889900', 456, 789, 012),
     (77889900112, 'CNH7788990011', 567, 890, 123),
     (88990011223, 'CNH8899001122', 678, 901, 234);

-- Populando Passageiros
INSERT INTO PASSAGEIROS
    (CPF_PASSAG, CARTAO_CRED, BANDEIRA_CARTAO, CIDADE_ORIG)
VALUES
    (12345678901, '1234567812345678', 'VISA', 'São Paulo'),
    (98765432109, '9876543298765432', 'MasterCard', 'Rio de Janeiro'),
    (12312312312, '1234123412341234', 'VISA', 'Belo Horizonte'),
    (32132132132, '4321432143214321', 'MasterCard', 'Porto Alegre'),
    (45645645645, '5678567856785678', 'VISA', 'Curitiba'),
    (65465465465, '8765876587658765', 'MasterCard', 'Florianópolis'),
    (78978978978, '6789678967896789', 'VISA', 'Fortaleza'),
    (98798798798, '9876987698769876', 'MasterCard', 'Salvador'),
    (11223344556, '1122112211221122', 'VISA', 'Brasília'),
    (22334455667, '2233223322332233', 'MasterCard', 'Manaus'),
    (33445566778, '3344334433443344', 'VISA', 'Recife'),
    (44556677889, '4455445544554455', 'MasterCard', 'Belém'),
    (55667788990, '5566556655665566', 'VISA', 'Goiânia'),
    (66778899001, '6677667766776677', 'MasterCard', 'Vitória'),
    (77889900112, '7788778877887788', 'VISA', 'Natal'),
    (88990011223, '8899889988998899', 'MasterCard', 'João Pessoa');

-- Populando Motoristas
INSERT INTO MOTORISTAS
    (CPF_MOTORISTA, CNH, BANCO_MOT, AGENCIA_MOT, CONTA_MOT)
VALUES
   (12345678901, 'CNH123456789', 123, 456, 789),
   (98765432109, 'CNH987654321', 234, 567, 890),
   (12312312312, 'CNH123123123', 345, 678, 901),
   (32132132132, 'CNH321321321', 456, 789, 012),
   (45645645645, 'CNH456456456', 567, 890, 123),
   (65465465465, 'CNH654654654', 678, 901, 234),
   (78978978978, 'CNH789789789', 789, 012, 345),
   (98798798798, 'CNH987987987', 890, 123, 456),
   (11223344556, 'CNH112233445', 901, 234, 567),
   (22334455667, 'CNH223344556', 012, 345, 678),
   (33445566778, 'CNH334455667', 123, 456, 789),
   (44556677889, 'CNH445566778', 234, 567, 890),
   (55667788990, 'CNH556677889', 345, 678, 901),
   (66778899001, 'CNH667788990', 456, 789, 012),
   (77889900112, 'CNH778899001', 567, 890, 123),
   (88990011223, 'CNH889900112', 678, 901, 234);

-- Populando Veiculos
INSERT INTO VEICULOS
    (PLACA, MARCA, MODELO, ANO_FABRIC, CAPACIDADE_PASS, COR, TIPO_COMBUST, POTENCIA_MOTOR, CPF_PROP)
VALUES
  ('ABC1D23', 'Toyota', 'Corolla', 2020, 5, 'Branco', 'G', 132, 12345678901),
  ('XYZ9L87', 'Honda', 'Civic', 2019, 5, 'Preto', 'G', 158, 98765432109),
  ('JKL2M34', 'Ford', 'Focus', 2018, 5, 'Prata', 'G', 140, 12312312312),
  ('MNO3N45', 'Chevrolet', 'Cruze', 2017, 5, 'Vermelho', 'G', 150, 32132132132),
  ('PQR4O56', 'Hyundai', 'Elantra', 2021, 5, 'Azul', 'G', 160, 45645645645),
  ('STU5P67', 'Nissan', 'Sentra', 2020, 5, 'Verde', 'G', 170, 65465465465),
  ('VWX6Q78', 'Volkswagen', 'Jetta', 2019, 5, 'Amarelo', 'G', 180, 78978978978),
  ('YZA7R89', 'Kia', 'Cerato', 2018, 5, 'Roxo', 'G', 190, 98798798798),
  ('BCD8S90', 'Renault', 'Fluence', 2021, 5, 'Marrom', 'G', 200, 11223344556),
  ('DEF9T01', 'Peugeot', '408', 2020, 5, 'Cinza', 'G', 210, 22334455667),
  ('GHI0U12', 'Citroen', 'C4', 2019, 5, 'Preto', 'G', 220, 33445566778),
  ('JKL1V23', 'Mitsubishi', 'Lancer', 2018, 5, 'Branco', 'G', 230, 44556677889),
  ('MNO2W34', 'Subaru', 'Impreza', 2021, 5, 'Prata', 'G', 240, 55667788990),
  ('PQR3X45', 'Mazda', '3', 2020, 5, 'Vermelho', 'G', 250, 66778899001),
  ('STU4Y56', 'Fiat', 'Tipo', 2019, 5, 'Azul', 'G', 260, 77889900112),
  ('VWX5Z67', 'Alfa Romeo', 'Giulietta', 2018, 5, 'Verde', 'G', 270, 88990011223);

-- Populando Motoristas_Veiculos
INSERT INTO MOTORISTAS_VEICULOS
    (CPF_MOTORISTA, PLACA)
VALUES
   (12345678901, 'ABC1D23'),
   (98765432109, 'XYZ9L87'),
   (12312312312, 'JKL2M34'),
   (32132132132, 'MNO3N45'),
   (45645645645, 'PQR4O56'),
   (65465465465, 'STU5P67'),
   (78978978978, 'VWX6Q78'),
   (98798798798, 'YZA7R89'),
   (11223344556, 'BCD8S90'),
   (22334455667, 'DEF9T01'),
   (33445566778, 'GHI0U12'),
   (44556677889, 'JKL1V23'),
   (55667788990, 'MNO2W34'),
   (66778899001, 'PQR3X45'),
   (77889900112, 'STU4Y56'),
   (88990011223, 'VWX5Z67');

-- Populando Viagens
INSERT INTO VIAGENS
    (CPF_PASSAG, CPF_MOTORISTA, PLACA, LOCAL_ORIG_VIAG, LOCAL_DEST_VIAG, DT_HORA_INICIO, DT_HORA_FIM, QTDE_PASS, FORMA_PAGTO, VALOR_PAGTO, CANCELAM_MOT, CANCELAM_PASS, COD_PAGTO)
VALUES
    (12345678901, 98765432109, 'XYZ9L87', 'Centro', 'Jardim Paulista', '2024-01-05 09:00:00', '2024-01-05 10:00:00', 1, 'DINHEIRO', 150.00, 'N', 'N', 1),
    (98765432109, 12345678901, 'ABC1D23', 'Centro', 'Pinheiros', '2024-01-10 10:00:00', '2024-01-10 11:00:00', 1, 'CARTAO', 200.00, 'S', 'N', 2),
    (12312312312, 32132132132, 'MNO3N45', 'Belo Horizonte', 'São Paulo', '2024-02-15 09:00:00', '2024-02-15 10:00:00', 1, 'DINHEIRO', 150.00, 'N', 'N', 1),
    (32132132132, 12312312312, 'JKL2M34', 'Porto Alegre', 'São Paulo', '2024-02-16 10:00:00', '2024-02-16 11:00:00', 1, 'CARTAO', 200.00, 'S', 'N', 2),
    (45645645645, 65465465465, 'STU5P67', 'Curitiba', 'São Paulo', '2024-03-12 09:00:00', '2024-03-12 10:00:00', 1, 'DINHEIRO', 150.00, 'N', 'N', 1),
    (65465465465, 45645645645, 'PQR4O56', 'Florianópolis', 'São Paulo', '2024-03-13 10:00:00', '2024-03-13 11:00:00', 1, 'CARTAO', 200.00, 'S', 'N', 2),
    (78978978978, 98798798798, 'YZA7R89', 'Fortaleza', 'São Paulo', '2024-04-05 09:00:00', '2024-04-05 10:00:00', 1, 'DINHEIRO', 150.00, 'N', 'N', 1),
    (98798798798, 78978978978, 'VWX6Q78', 'Salvador', 'São Paulo', '2024-04-06 10:00:00', '2024-04-06 11:00:00', 1, 'CARTAO', 200.00, 'S', 'N', 2),
    (11223344556, 22334455667, 'DEF9T01', 'Brasília', 'São Paulo', '2024-05-20 09:00:00', '2024-05-20 10:00:00', 1, 'DINHEIRO', 150.00, 'N', 'N', 1),
    (22334455667, 11223344556, 'BCD8S90', 'Manaus', 'São Paulo', '2024-05-21 10:00:00', '2024-05-21 11:00:00', 1, 'DINHEIRO', 150.00, 'N', 'N', 1),
    (33445566778, 44556677889, 'JKL1V23', 'Recife', 'São Paulo', '2024-06-18 09:00:00', '2024-06-18 10:00:00', 1, 'DINHEIRO', 150.00, 'N', 'N', 1),
    (44556677889, 55667788990, 'MNO2W34', 'Belém', 'São Paulo', '2024-06-19 10:00:00', '2024-06-19 11:00:00', 1, 'CARTAO', 200.00, 'S', 'N', 2),
    (55667788990, 66778899001, 'PQR3X45', 'Goiânia', 'São Paulo', '2024-07-22 09:00:00', '2024-07-22 10:00:00', 1, 'DINHEIRO', 150.00, 'N', 'N', 1),
    (66778899001, 77889900112, 'STU4Y56', 'Vitória', 'São Paulo', '2024-07-23 10:00:00', '2024-07-23 11:00:00', 1, 'CARTAO', 200.00, 'S', 'N', 2),
    (77889900112, 88990011223, 'VWX5Z67', 'Natal', 'São Paulo', '2024-08-10 09:00:00', '2024-08-10 10:00:00', 1, 'DINHEIRO', 150.00, 'N', 'N', 1),
    (88990011223, 11223344556, 'BCD8S90', 'João Pessoa', 'São Paulo', '2024-08-11 10:00:00', '2024-08-11 11:00:00', 1, 'CARTAO', 200.00, 'S', 'N', 2),
    (33445566778, 55667788990, 'MNO2W34', 'Recife', 'São Paulo', '2024-09-18 09:00:00', '2024-09-18 10:00:00', 1, 'DINHEIRO', 150.00, 'N', 'N', 1),
    (44556677889, 66778899001, 'PQR3X45', 'Belém', 'São Paulo', '2024-09-19 10:00:00', '2024-09-19 11:00:00', 1, 'CARTAO', 200.00, 'S', 'N', 2),
    (55667788990, 77889900112, 'STU4Y56', 'Goiânia', 'São Paulo', '2024-10-22 09:00:00', '2024-10-22 10:00:00', 1, 'DINHEIRO', 150.00, 'N', 'N', 1),
    (66778899001, 88990011223, 'VWX5Z67', 'Vitória', 'São Paulo', '2024-10-23 10:00:00', '2024-10-23 11:00:00', 1, 'CARTAO', 200.00, 'S', 'N', 2),
    (77889900112, 12312312312, 'JKL2M34', 'Natal', 'São Paulo', '2024-11-10 09:00:00', '2024-11-10 10:00:00', 1, 'DINHEIRO', 150.00, 'N', 'N', 1),
    (88990011223, 22334455667, 'DEF9T01', 'João Pessoa', 'São Paulo', '2024-11-11 10:00:00', '2024-11-11 11:00:00', 1, 'CARTAO', 200.00, 'S', 'N', 2),
    (12345678901, 33445566778, 'GHI0U12', 'Centro', 'Jardim Paulista', '2024-12-05 09:00:00', '2024-12-05 10:00:00', 1, 'DINHEIRO', 150.00, 'N', 'N', 1),
    (98765432109, 44556677889, 'JKL1V23', 'Centro', 'Pinheiros', '2024-12-10 10:00:00', '2024-12-10 11:00:00', 1, 'CARTAO', 200.00, 'S', 'N', 2),
    (11223344556, 66778899001, 'PQR3X45', 'Brasília', 'São Paulo', '2024-05-20 09:00:00', '2024-05-20 10:00:00', 1, 'DINHEIRO', 150.00, 'N', 'N', 1),
    (22334455667, 77889900112, 'STU4Y56', 'Manaus', 'São Paulo', '2024-05-21 10:00:00', '2024-05-21 11:00:00', 1, 'DINHEIRO', 150.00, 'N', 'N', 1),
    (33445566778, 88990011223, 'VWX5Z67', 'Recife', 'São Paulo', '2024-09-20 09:00:00', '2024-09-20 10:00:00', 1, 'DINHEIRO', 150.00, 'N', 'N', 1),
    (44556677889, 11223344556, 'BCD8S90', 'Belém', 'São Paulo', '2024-09-21 10:00:00', '2024-09-21 11:00:00', 1, 'CARTAO', 200.00, 'S', 'N', 2),
    (55667788990, 22334455667, 'DEF9T01', 'Goiânia', 'São Paulo', '2024-10-23 09:00:00', '2024-10-23 10:00:00', 1, 'DINHEIRO', 150.00, 'N', 'N', 1),
    (66778899001, 33445566778, 'GHI0U12', 'Vitória', 'São Paulo', '2024-10-24 10:00:00', '2024-10-24 11:00:00', 1, 'CARTAO', 200.00, 'S', 'N', 2),
    (77889900112, 44556677889, 'JKL1V23', 'Natal', 'São Paulo', '2024-11-12 09:00:00', '2024-11-12 10:00:00', 1, 'DINHEIRO', 150.00, 'N', 'N', 1),
    (88990011223, 55667788990, 'MNO2W34', 'João Pessoa', 'São Paulo', '2024-11-13 10:00:00', '2024-11-13 11:00:00', 1, 'CARTAO', 200.00, 'S', 'N', 2),
    (12312312312, 66778899001, 'PQR3X45', 'Belo Horizonte', 'São Paulo', '2024-11-14 09:00:00', '2024-11-14 10:00:00', 1, 'DINHEIRO', 150.00, 'N', 'N', 1),
    (32132132132, 77889900112, 'STU4Y56', 'Porto Alegre', 'São Paulo', '2024-11-15 10:00:00', '2024-11-15 11:00:00', 1, 'CARTAO', 200.00, 'S', 'N', 2),
    (45645645645, 88990011223, 'VWX5Z67', 'Curitiba', 'São Paulo', '2024-11-16 09:00:00', '2024-11-16 10:00:00', 1, 'DINHEIRO', 150.00, 'N', 'N', 1),
    (65465465465, 12312312312, 'JKL2M34', 'Florianópolis', 'São Paulo', '2024-11-17 10:00:00', '2024-11-17 11:00:00', 1, 'CARTAO', 200.00, 'S', 'N', 2),
    (78978978978, 32132132132, 'MNO3N45', 'Fortaleza', 'São Paulo', '2024-11-18 09:00:00', '2024-11-18 10:00:00', 1, 'DINHEIRO', 150.00, 'N', 'N', 1),
    (98798798798, 45645645645, 'PQR4O56', 'Salvador', 'São Paulo', '2024-11-19 10:00:00', '2024-11-19 11:00:00', 1, 'CARTAO', 200.00, 'S', 'N', 2),
    (11223344556, 65465465465, 'STU5P67', 'Brasília', 'São Paulo', '2024-11-20 09:00:00', '2024-11-20 10:00:00', 1, 'DINHEIRO', 150.00, 'N', 'N', 1),
    (22334455667, 78978978978, 'VWX6Q78', 'Manaus', 'São Paulo', '2024-11-21 10:00:00', '2024-11-21 11:00:00', 1, 'CARTAO', 200.00, 'S', 'N', 2),
    (33445566778, 98798798798, 'YZA7R89', 'Recife', 'São Paulo', '2024-11-22 09:00:00', '2024-11-22 10:00:00', 1, 'DINHEIRO', 150.00, 'N', 'N', 1),
    (44556677889, 11223344556, 'BCD8S90', 'Belém', 'São Paulo', '2024-11-23 10:00:00', '2024-11-23 11:00:00', 1, 'CARTAO', 200.00, 'S', 'N', 2),
    (55667788990, 22334455667, 'DEF9T01', 'Goiânia', 'São Paulo', '2024-11-24 09:00:00', '2024-11-24 10:00:00', 1, 'DINHEIRO', 150.00, 'N', 'N', 1),
    (66778899001, 33445566778, 'GHI0U12', 'Vitória', 'São Paulo', '2024-11-25 10:00:00', '2024-11-25 11:00:00', 1, 'CARTAO', 200.00, 'S', 'N', 2),
    (77889900112, 44556677889, 'JKL1V23', 'Natal', 'São Paulo', '2024-11-26 09:00:00', '2024-11-26 10:00:00', 1, 'DINHEIRO', 150.00, 'N', 'N', 1),
    (88990011223, 55667788990, 'MNO2W34', 'João Pessoa', 'São Paulo', '2024-11-27 10:00:00', '2024-11-27 11:00:00', 1, 'CARTAO', 200.00, 'S', 'N', 2),
    (12312312312, 66778899001, 'PQR3X45', 'Belo Horizonte', 'São Paulo', '2024-11-28 09:00:00', '2024-11-28 10:00:00', 1, 'DINHEIRO', 150.00, 'N', 'N', 1),
    (32132132132, 77889900112, 'STU4Y56', 'Porto Alegre', 'São Paulo', '2024-11-29 10:00:00', '2024-11-29 11:00:00', 1, 'CARTAO', 200.00, 'S', 'N', 2),
    (45645645645, 88990011223, 'VWX5Z67', 'Curitiba', 'São Paulo', '2024-11-30 09:00:00', '2024-11-30 10:00:00', 1, 'DINHEIRO', 150.00, 'N', 'N', 1),
    (65465465465, 12312312312, 'JKL2M34', 'Florianópolis', 'São Paulo', '2024-12-01 10:00:00', '2024-12-01 11:00:00', 1, 'CARTAO', 200.00, 'S', 'N', 2),
    (78978978978, 32132132132, 'MNO3N45', 'Fortaleza', 'São Paulo', '2024-12-02 09:00:00', '2024-12-02 10:00:00', 1, 'DINHEIRO', 150.00, 'N', 'N', 1),
    (98798798798, 45645645645, 'PQR4O56', 'Salvador', 'São Paulo', '2024-12-03 10:00:00', '2024-12-03 11:00:00', 1, 'CARTAO', 200.00, 'S', 'N', 2),
    (11223344556, 65465465465, 'STU5P67', 'Brasília', 'São Paulo', '2024-12-04 09:00:00', '2024-12-04 10:00:00', 1, 'DINHEIRO', 150.00, 'N', 'N', 1),
    (22334455667, 78978978978, 'VWX6Q78', 'Manaus', 'São Paulo', '2024-12-05 10:00:00', '2024-12-05 11:00:00', 1, 'CARTAO', 200.00, 'S', 'N', 2),
    (33445566778, 98798798798, 'YZA7R89', 'Recife', 'São Paulo', '2024-12-06 09:00:00', '2024-12-06 10:00:00', 1, 'DINHEIRO', 150.00, 'N', 'N', 1),
    (44556677889, 11223344556, 'BCD8S90', 'Belém', 'São Paulo', '2024-12-07 10:00:00', '2024-12-07 11:00:00', 1, 'CARTAO', 200.00, 'S', 'N', 2),
    (55667788990, 22334455667, 'DEF9T01', 'Goiânia', 'São Paulo', '2024-12-08 09:00:00', '2024-12-08 10:00:00', 1, 'DINHEIRO', 150.00, 'N', 'N', 1),
    (66778899001, 33445566778, 'GHI0U12', 'Vitória', 'São Paulo', '2024-12-09 10:00:00', '2024-12-09 11:00:00', 1, 'CARTAO', 200.00, 'S', 'N', 2),
    (77889900112, 44556677889, 'JKL1V23', 'Natal', 'São Paulo', '2024-12-10 09:00:00', '2024-12-10 10:00:00', 1, 'DINHEIRO', 150.00, 'N', 'N', 1),
    (88990011223, 55667788990, 'MNO2W34', 'João Pessoa', 'São Paulo', '2024-12-11 10:00:00', '2024-12-11 11:00:00', 1, 'CARTAO', 200.00, 'S', 'N', 2),
    (12312312312, 66778899001, 'PQR3X45', 'Belo Horizonte', 'São Paulo', '2024-12-12 09:00:00', '2024-12-12 10:00:00', 1, 'DINHEIRO', 150.00, 'N', 'N', 1),
    (32132132132, 77889900112, 'STU4Y56', 'Porto Alegre', 'São Paulo', '2024-12-13 10:00:00', '2024-12-13 11:00:00', 1, 'CARTAO', 200.00, 'S', 'N', 2);